,area,time_coverage,num_of_params,execution_time
area,1.0,0.000327349306143,0.0,0.0361980837613
time_coverage,0.000327349306143,1.0,0.0,0.904426426986
num_of_params,0.0,0.0,1.0,0.000543988417963
execution_time,0.0361980837613,0.904426426986,0.000543988417963,1.0
