,area,execution_time,num_of_params,time_coverage,time_coverage_end
area,1.0,0.0282200923609,0.0215751374754,0.0748271631679,0.278994968864
execution_time,0.0282200923609,1.0,-0.19346781294,0.927677318799,0.653739300366
num_of_params,0.0215751374754,-0.19346781294,1.0,-0.245527225844,-0.098825934798
time_coverage,0.0748271631679,0.927677318799,-0.245527225844,1.0,0.555294593883
time_coverage_end,0.278994968864,0.653739300366,-0.098825934798,0.555294593883,1.0
