,area,execution_time,num_of_params,time_coverage
area,1.0,0.0141252623885,0.0,2.71144865975e-17
execution_time,0.0141252623885,1.0,-0.00376035189382,0.902221643132
num_of_params,0.0,-0.00376035189382,1.0,0.0
time_coverage,2.71144865975e-17,0.902221643132,0.0,1.0
