,area,execution_time,num_of_nodes,num_of_params,time_coverage
area,1.0,0.0354843291787,-0.0651288191393,-0.00168079865219,0.000343035283019
execution_time,0.0354843291787,1.0,0.000215223135958,-0.00165201017425,0.898123974129
num_of_nodes,-0.0651288191393,0.000215223135958,1.0,9.27263983113e-05,0.00915354553011
num_of_params,-0.00168079865219,-0.00165201017425,9.27263983113e-05,1.0,-0.00165628649253
time_coverage,0.000343035283019,0.898123974129,0.00915354553011,-0.00165628649253,1.0
