,area,execution_time,num_of_params,time_coverage,time_coverage_end
area,1.0,0.426885206882,0.318696328073,0.466960214313,0.466956906401
execution_time,0.426885206882,1.0,0.262920704284,0.384976880491,0.384974151982
num_of_params,0.318696328073,0.262920704284,1.0,0.246754680402,0.246752932409
time_coverage,0.466960214313,0.384976880491,0.246754680402,1.0,0.999999999986
time_coverage_end,0.466956906401,0.384974151982,0.246752932409,0.999999999986,1.0
