,area,execution_time,num_of_params,time_coverage,time_coverage_end
area,1.0,0.223983140209,0.23875204548,0.381830849629,0.381827786975
execution_time,0.223983140209,1.0,0.201506955349,0.443704126163,0.443703768568
num_of_params,0.23875204548,0.201506955349,1.0,0.173270721738,0.173269331938
time_coverage,0.381830849629,0.443704126163,0.173270721738,1.0,0.999999999988
time_coverage_end,0.381827786975,0.443703768568,0.173269331938,0.999999999988,1.0
