,area,time_coverage,num_of_params,execution_time
area,1.0,1.35572432988e-17,0.0,0.0141449149684
time_coverage,1.35572432988e-17,1.0,0.0,0.903476910639
num_of_params,0.0,0.0,1.0,-0.00376558369864
execution_time,0.0141449149684,0.903476910639,-0.00376558369864,1.0
