,num_of_nodes,execution_time
0,1,0.658066666667
1,2,1.547
2,4,2.735
3,8,6.08133333333
